idNodo,nombre,tipo,idPadre,activo,nombrePadre,tipoPadre,cantidadEmpleados
40,"Claro Nicaragua",Dirección,,true,"",,966
209,"NI AREA SURESTE  (SMRE)",Gerencia,40,true,"Claro Nicaragua",Dirección,0
150,"NI CLIENTES VIP PX",Gerencia,40,true,"Claro Nicaragua",Dirección,0
197,"NI COORD. CADENAS",Gerencia,40,true,"Claro Nicaragua",Dirección,0
145,"NI COORD. COMERCIAL SF MGA. ESTE-1",Gerencia,40,true,"Claro Nicaragua",Dirección,0
200,"NI COORD. COMERCIAL SF MGA. ESTE-2",Gerencia,40,true,"Claro Nicaragua",Dirección,0
235,"NI COORD. COMERCIAL SF MGA. OESTE-1",Gerencia,40,true,"Claro Nicaragua",Dirección,0
254,"NI COORD. ING. DE CLIENTES Y ACCESO",Gerencia,40,true,"Claro Nicaragua",Dirección,0
47,"NI COORD. ING. DE PROYECTOS DATOS",Gerencia,40,true,"Claro Nicaragua",Dirección,0
245,"NI COORD. MULTIMARCAS",Gerencia,40,true,"Claro Nicaragua",Dirección,0
53,"NI COORD. ZONAL",Gerencia,40,true,"Claro Nicaragua",Dirección,0
271,"NI COORDINACION DE ACEPTACION DE PROYECTOS",Gerencia,40,true,"Claro Nicaragua",Dirección,0
266,"NI COORDINACION DE PLANIFICACION (I&O)",Gerencia,40,true,"Claro Nicaragua",Dirección,0
215,"NI COORDINACION DE SOPORTE A LA OPERACION",Gerencia,40,true,"Claro Nicaragua",Dirección,0
206,"NI COORDINACION GESTION DE PROYECTOS",Gerencia,40,true,"Claro Nicaragua",Dirección,0
177,"NI GERENCIA ADMINISTRACION Y FINANZAS",Gerencia,40,true,"Claro Nicaragua",Dirección,0
56,"NI GERENCIA CENTRO DE ATENCION AL CLIENTE",Gerencia,40,true,"Claro Nicaragua",Dirección,216
305,"NI GERENCIA COMERCIAL CADENAS Y MULTIMARCAS",Gerencia,40,true,"Claro Nicaragua",Dirección,0
129,"NI GERENCIA COMERCIAL MOVIL Y SERVICIOS FIJOS",Gerencia,40,true,"Claro Nicaragua",Dirección,0
218,"NI GERENCIA DE IMPLANTACION",Gerencia,40,true,"Claro Nicaragua",Dirección,0
163,"NI GERENCIA DE RECURSOS HUMANOS",Gerencia,40,true,"Claro Nicaragua",Dirección,2
101,"NI GERENCIA OPERACIONES PLANTA EXTERNA",Gerencia,40,true,"Claro Nicaragua",Dirección,0
57,"NI GERENCIA OPERACIONES PLANTA INTERNA",Gerencia,40,true,"Claro Nicaragua",Dirección,0
269,"NI GERENCIA TECNICA",Gerencia,40,true,"Claro Nicaragua",Dirección,0
318,"NI PX FO CORPORATIVO VIP",Gerencia,40,true,"Claro Nicaragua",Dirección,0
248,"NI REPARACIONES-CLARO TECH",Gerencia,40,true,"Claro Nicaragua",Dirección,0
257,"NI SUBG. COMERCIAL SF MGA. ESTE",Gerencia,40,true,"Claro Nicaragua",Dirección,0
157,"NI SUBG. COMERCIAL SF MGA. OESTE",Gerencia,40,true,"Claro Nicaragua",Dirección,0
260,"NI SUBGCIA INGENIERIA Y CALIDAD MOVIL",Gerencia,40,true,"Claro Nicaragua",Dirección,0
290,"NI SUBGERENCIA CADENAS Y MULTIMARCAS",Gerencia,40,true,"Claro Nicaragua",Dirección,0
160,"NI SUBGERENCIA CONSTRUCCION PLANTA EXTERNA",Gerencia,40,true,"Claro Nicaragua",Dirección,0
321,"NI SUBGERENCIA CONSTRUCCION PLANTA INTERNA",Gerencia,40,true,"Claro Nicaragua",Dirección,0
277,"NI SUBGERENCIA DE SOPORTE Y GESTION",Gerencia,40,true,"Claro Nicaragua",Dirección,0
194,"NI SUBGERENCIA INGENIERIA FIJA",Gerencia,40,true,"Claro Nicaragua",Dirección,0
232,"NI SUBGERENCIA INGENIERIA PX FIJO Y COBRE",Gerencia,40,true,"Claro Nicaragua",Dirección,0
293,"NI SUBGERENCIA PLANTA INTERNA RED FIJA",Gerencia,40,true,"Claro Nicaragua",Dirección,0
299,"NI SUBGERENCIA PLANTA INTERNA SITIOS MOVIL",Gerencia,40,true,"Claro Nicaragua",Dirección,0
309,"NI SUBGERENCIA PROYECTO MOVIL",Gerencia,40,true,"Claro Nicaragua",Dirección,0
229,"NI SUBGERENCIA PX COBRE FIBRA",Gerencia,40,true,"Claro Nicaragua",Dirección,0
188,"NI SUPERV.  ASIGNACIONES",Gerencia,40,true,"Claro Nicaragua",Dirección,0
185,"NI SUPERV.  ENERGIA E INFRAESTRUCTURA",Gerencia,40,true,"Claro Nicaragua",Dirección,0
41,"NI SUPERV.  OBRAS CIVILES",Gerencia,40,true,"Claro Nicaragua",Dirección,0
220,"NI SUPERV.  PROTECCION Y CLIMA",Gerencia,40,true,"Claro Nicaragua",Dirección,0
263,"NI SUPERV.  RBS Y TX NOR OCCIDENTAL",Gerencia,40,true,"Claro Nicaragua",Dirección,0
212,"NI SUPERV.  RBS Y TX SUR CENTRAL",Gerencia,40,true,"Claro Nicaragua",Dirección,0
315,"NI SUPERV. CALIDAD",Gerencia,40,true,"Claro Nicaragua",Dirección,0
95,"NI SUPERV. CONSTRUCCION PLANTA EXTERNA",Gerencia,40,true,"Claro Nicaragua",Dirección,0
126,"NI SUPERV. CONSTRUCCION PLANTA INTERNA",Gerencia,40,true,"Claro Nicaragua",Dirección,0
147,"NI SUPERV. DE  INSTALACIONES",Gerencia,40,true,"Claro Nicaragua",Dirección,0
191,"NI SUPERV. DE VSAT/TP",Gerencia,40,true,"Claro Nicaragua",Dirección,0
44,"NI SUPERV. DISEÑO Y OPTIMIZACION RF -ZONA MANAGUA Y SUR",Gerencia,40,true,"Claro Nicaragua",Dirección,0
203,"NI SUPERV. DISEÑO Y OPTIMIZACION RF -ZONA OCC.CENTRO Y RAAS",Gerencia,40,true,"Claro Nicaragua",Dirección,0
296,"NI SUPERV. DISEÑO Y OPTIMIZACIÓN RF-ZONA NORTE Y RAAN",Gerencia,40,true,"Claro Nicaragua",Dirección,0
223,"NI SUPERV. INGENIERIA CORE",Gerencia,40,true,"Claro Nicaragua",Dirección,0
286,"NI SUPERV. INGENIERIA VAS",Gerencia,40,true,"Claro Nicaragua",Dirección,0
242,"NI SUPERV. INSTALACION POT",Gerencia,40,true,"Claro Nicaragua",Dirección,0
238,"NI SUPERV. INTERNET/DATOS INSTALACIONES PI",Gerencia,40,true,"Claro Nicaragua",Dirección,0
280,"NI SUPERV. INTERNET/DATOS INSTALACIONES PX",Gerencia,40,true,"Claro Nicaragua",Dirección,0
50,"NI SUPERV. INTERNET/DATOS SOPORTE PI",Gerencia,40,true,"Claro Nicaragua",Dirección,0
226,"NI SUPERV. INTERNET/DATOS SOPORTE PX",Gerencia,40,true,"Claro Nicaragua",Dirección,0
312,"NI SUPERV. MANTENIMIENTO DE INFRAESTRUCTURA MOVIL",Gerencia,40,true,"Claro Nicaragua",Dirección,0
174,"NI SUPERV. RED  TRANSPORTE",Gerencia,40,true,"Claro Nicaragua",Dirección,0
98,"NI SUPERVISION DE FIBRA OPTICA",Gerencia,40,true,"Claro Nicaragua",Dirección,0
171,"NI SUPERVISION INFRAESTRUCTURA",Gerencia,40,true,"Claro Nicaragua",Dirección,0
302,"NI SUPERVISION MANTENIMIENTO RED EXTERNA",Gerencia,40,true,"Claro Nicaragua",Dirección,0
251,"NI SUPERVISION REDES ACCESO",Gerencia,40,true,"Claro Nicaragua",Dirección,0
274,"NI SUPERVISION REDES TRONCALES",Gerencia,40,true,"Claro Nicaragua",Dirección,0
283,"NI VIDEO Y CMTS´S",Gerencia,40,true,"Claro Nicaragua",Dirección,0
54,"NI GERENCIA COMERCIAL CADENAS Y MULTIMARCAS",Subgerencia,53,true,"NI COORD. ZONAL",Gerencia,0
246,"NI GERENCIA COMERCIAL CADENAS Y MULTIMARCAS",Subgerencia,245,true,"NI COORD. MULTIMARCAS",Gerencia,0
291,"NI GERENCIA COMERCIAL CADENAS Y MULTIMARCAS",Subgerencia,290,true,"NI SUBGERENCIA CADENAS Y MULTIMARCAS",Gerencia,0
198,"NI GERENCIA COMERCIAL CADENAS Y MULTIMARCAS",Subgerencia,197,true,"NI COORD. CADENAS",Gerencia,0
236,"NI GERENCIA COMERCIAL MOVIL Y SERVICIOS FIJOS",Subgerencia,235,true,"NI COORD. COMERCIAL SF MGA. OESTE-1",Gerencia,0
201,"NI GERENCIA COMERCIAL MOVIL Y SERVICIOS FIJOS",Subgerencia,200,true,"NI COORD. COMERCIAL SF MGA. ESTE-2",Gerencia,0
258,"NI GERENCIA COMERCIAL MOVIL Y SERVICIOS FIJOS",Subgerencia,257,true,"NI SUBG. COMERCIAL SF MGA. ESTE",Gerencia,8
158,"NI GERENCIA COMERCIAL MOVIL Y SERVICIOS FIJOS",Subgerencia,157,true,"NI SUBG. COMERCIAL SF MGA. OESTE",Gerencia,0
148,"NI GERENCIA DE IMPLANTACION",Subgerencia,147,true,"NI SUPERV. DE  INSTALACIONES",Gerencia,0
127,"NI GERENCIA DE IMPLANTACION",Subgerencia,126,true,"NI SUPERV. CONSTRUCCION PLANTA INTERNA",Gerencia,0
252,"NI GERENCIA DE IMPLANTACION",Subgerencia,251,true,"NI SUPERVISION REDES ACCESO",Gerencia,0
275,"NI GERENCIA DE IMPLANTACION",Subgerencia,274,true,"NI SUPERVISION REDES TRONCALES",Gerencia,0
322,"NI GERENCIA DE IMPLANTACION",Subgerencia,321,true,"NI SUBGERENCIA CONSTRUCCION PLANTA INTERNA",Gerencia,3
233,"NI GERENCIA DE IMPLANTACION",Subgerencia,232,true,"NI SUBGERENCIA INGENIERIA PX FIJO Y COBRE",Gerencia,0
172,"NI GERENCIA DE IMPLANTACION",Subgerencia,171,true,"NI SUPERVISION INFRAESTRUCTURA",Gerencia,0
42,"NI GERENCIA DE IMPLANTACION",Subgerencia,41,true,"NI SUPERV.  OBRAS CIVILES",Gerencia,0
319,"NI GERENCIA DE IMPLANTACION",Subgerencia,318,true,"NI PX FO CORPORATIVO VIP",Gerencia,0
96,"NI GERENCIA DE IMPLANTACION",Subgerencia,95,true,"NI SUPERV. CONSTRUCCION PLANTA EXTERNA",Gerencia,0
310,"NI GERENCIA DE IMPLANTACION",Subgerencia,309,true,"NI SUBGERENCIA PROYECTO MOVIL",Gerencia,0
161,"NI GERENCIA DE IMPLANTACION",Subgerencia,160,true,"NI SUBGERENCIA CONSTRUCCION PLANTA EXTERNA",Gerencia,0
249,"NI GERENCIA OPERACIONES PLANTA EXTERNA",Subgerencia,248,true,"NI REPARACIONES-CLARO TECH",Gerencia,0
303,"NI GERENCIA OPERACIONES PLANTA EXTERNA",Subgerencia,302,true,"NI SUPERVISION MANTENIMIENTO RED EXTERNA",Gerencia,0
281,"NI GERENCIA OPERACIONES PLANTA EXTERNA",Subgerencia,280,true,"NI SUPERV. INTERNET/DATOS INSTALACIONES PX",Gerencia,0
99,"NI GERENCIA OPERACIONES PLANTA EXTERNA",Subgerencia,98,true,"NI SUPERVISION DE FIBRA OPTICA",Gerencia,0
243,"NI GERENCIA OPERACIONES PLANTA EXTERNA",Subgerencia,242,true,"NI SUPERV. INSTALACION POT",Gerencia,0
230,"NI GERENCIA OPERACIONES PLANTA EXTERNA",Subgerencia,229,true,"NI SUBGERENCIA PX COBRE FIBRA",Gerencia,0
227,"NI GERENCIA OPERACIONES PLANTA EXTERNA",Subgerencia,226,true,"NI SUPERV. INTERNET/DATOS SOPORTE PX",Gerencia,0
210,"NI GERENCIA OPERACIONES PLANTA EXTERNA",Subgerencia,209,true,"NI AREA SURESTE  (SMRE)",Gerencia,0
151,"NI GERENCIA OPERACIONES PLANTA EXTERNA",Subgerencia,150,true,"NI CLIENTES VIP PX",Gerencia,0
189,"NI GERENCIA OPERACIONES PLANTA EXTERNA",Subgerencia,188,true,"NI SUPERV.  ASIGNACIONES",Gerencia,0
175,"NI GERENCIA OPERACIONES PLANTA INTERNA",Subgerencia,174,true,"NI SUPERV. RED  TRANSPORTE",Gerencia,0
192,"NI GERENCIA OPERACIONES PLANTA INTERNA",Subgerencia,191,true,"NI SUPERV. DE VSAT/TP",Gerencia,0
51,"NI GERENCIA OPERACIONES PLANTA INTERNA",Subgerencia,50,true,"NI SUPERV. INTERNET/DATOS SOPORTE PI",Gerencia,0
264,"NI GERENCIA OPERACIONES PLANTA INTERNA",Subgerencia,263,true,"NI SUPERV.  RBS Y TX NOR OCCIDENTAL",Gerencia,0
284,"NI GERENCIA OPERACIONES PLANTA INTERNA",Subgerencia,283,true,"NI VIDEO Y CMTS´S",Gerencia,0
221,"NI GERENCIA OPERACIONES PLANTA INTERNA",Subgerencia,220,true,"NI SUPERV.  PROTECCION Y CLIMA",Gerencia,0
294,"NI GERENCIA OPERACIONES PLANTA INTERNA",Subgerencia,293,true,"NI SUBGERENCIA PLANTA INTERNA RED FIJA",Gerencia,0
213,"NI GERENCIA OPERACIONES PLANTA INTERNA",Subgerencia,212,true,"NI SUPERV.  RBS Y TX SUR CENTRAL",Gerencia,0
300,"NI GERENCIA OPERACIONES PLANTA INTERNA",Subgerencia,299,true,"NI SUBGERENCIA PLANTA INTERNA SITIOS MOVIL",Gerencia,0
186,"NI GERENCIA OPERACIONES PLANTA INTERNA",Subgerencia,185,true,"NI SUPERV.  ENERGIA E INFRAESTRUCTURA",Gerencia,0
313,"NI GERENCIA OPERACIONES PLANTA INTERNA",Subgerencia,312,true,"NI SUPERV. MANTENIMIENTO DE INFRAESTRUCTURA MOVIL",Gerencia,34
239,"NI GERENCIA OPERACIONES PLANTA INTERNA",Subgerencia,238,true,"NI SUPERV. INTERNET/DATOS INSTALACIONES PI",Gerencia,0
287,"NI GERENCIA TECNICA",Subgerencia,286,true,"NI SUPERV. INGENIERIA VAS",Gerencia,0
297,"NI GERENCIA TECNICA",Subgerencia,296,true,"NI SUPERV. DISEÑO Y OPTIMIZACIÓN RF-ZONA NORTE Y RAAN",Gerencia,0
316,"NI GERENCIA TECNICA",Subgerencia,315,true,"NI SUPERV. CALIDAD",Gerencia,0
207,"NI GERENCIA TECNICA",Subgerencia,206,true,"NI COORDINACION GESTION DE PROYECTOS",Gerencia,0
204,"NI GERENCIA TECNICA",Subgerencia,203,true,"NI SUPERV. DISEÑO Y OPTIMIZACION RF -ZONA OCC.CENTRO Y RAAS",Gerencia,0
216,"NI GERENCIA TECNICA",Subgerencia,215,true,"NI COORDINACION DE SOPORTE A LA OPERACION",Gerencia,0
224,"NI GERENCIA TECNICA",Subgerencia,223,true,"NI SUPERV. INGENIERIA CORE",Gerencia,0
255,"NI GERENCIA TECNICA",Subgerencia,254,true,"NI COORD. ING. DE CLIENTES Y ACCESO",Gerencia,0
261,"NI GERENCIA TECNICA",Subgerencia,260,true,"NI SUBGCIA INGENIERIA Y CALIDAD MOVIL",Gerencia,0
267,"NI GERENCIA TECNICA",Subgerencia,266,true,"NI COORDINACION DE PLANIFICACION (I&O)",Gerencia,0
48,"NI GERENCIA TECNICA",Subgerencia,47,true,"NI COORD. ING. DE PROYECTOS DATOS",Gerencia,0
195,"NI GERENCIA TECNICA",Subgerencia,194,true,"NI SUBGERENCIA INGENIERIA FIJA",Gerencia,0
272,"NI GERENCIA TECNICA",Subgerencia,271,true,"NI COORDINACION DE ACEPTACION DE PROYECTOS",Gerencia,0
278,"NI GERENCIA TECNICA",Subgerencia,277,true,"NI SUBGERENCIA DE SOPORTE Y GESTION",Gerencia,0
45,"NI GERENCIA TECNICA",Subgerencia,44,true,"NI SUPERV. DISEÑO Y OPTIMIZACION RF -ZONA MANAGUA Y SUR",Gerencia,0
139,"NI SUBG. COMERCIAL SF ZONA OCCIDENTE",Subgerencia,129,true,"NI GERENCIA COMERCIAL MOVIL Y SERVICIOS FIJOS",Gerencia,1
133,"NI SUBG. COMERCIAL SF ZONA RAAS",Subgerencia,129,true,"NI GERENCIA COMERCIAL MOVIL Y SERVICIOS FIJOS",Gerencia,1
143,"NI SUBG. COMERCIAL ZONA SF-CENTRO Y RAAN",Subgerencia,129,true,"NI GERENCIA COMERCIAL MOVIL Y SERVICIOS FIJOS",Gerencia,1
136,"NI SUBG.COMERCIAL MOVIL Z-OCCIDENTE",Subgerencia,129,true,"NI GERENCIA COMERCIAL MOVIL Y SERVICIOS FIJOS",Gerencia,1
130,"NI SUBG.COMERCIAL MOVIL ZONA CENTRO-RAAS",Subgerencia,129,true,"NI GERENCIA COMERCIAL MOVIL Y SERVICIOS FIJOS",Gerencia,1
141,"NI SUBG.COMERCIAL MOVIL ZONA SUR ORIENTE",Subgerencia,129,true,"NI GERENCIA COMERCIAL MOVIL Y SERVICIOS FIJOS",Gerencia,0
169,"NI SUBGCIA DE RELACIONES LABORALES Y SEGURIDAD INDUSTRIAL",Subgerencia,163,true,"NI GERENCIA DE RECURSOS HUMANOS",Gerencia,5
306,"NI SUBGERENCIA CADENAS Y MULTIMARCAS",Subgerencia,305,true,"NI GERENCIA COMERCIAL CADENAS Y MULTIMARCAS",Gerencia,0
58,"NI SUBGERENCIA CCR",Subgerencia,57,true,"NI GERENCIA OPERACIONES PLANTA INTERNA",Gerencia,3
178,"NI SUBGERENCIA DE ALMACENES",Subgerencia,177,true,"NI GERENCIA ADMINISTRACION Y FINANZAS",Gerencia,0
167,"NI SUBGERENCIA DE COMPENSACIONES",Subgerencia,163,true,"NI GERENCIA DE RECURSOS HUMANOS",Gerencia,4
164,"NI SUBGERENCIA DE RECURSOS HUMANOS",Subgerencia,163,true,"NI GERENCIA DE RECURSOS HUMANOS",Gerencia,2
63,"NI SUBGERENCIA PLANTA INTERNA RED FIJA",Subgerencia,57,true,"NI GERENCIA OPERACIONES PLANTA INTERNA",Gerencia,0
84,"NI SUBGERENCIA PLANTA INTERNA SITIOS MOVIL",Subgerencia,57,true,"NI GERENCIA OPERACIONES PLANTA INTERNA",Gerencia,0
113,"NI SUBGERENCIA PX COBRE FIBRA",Subgerencia,101,true,"NI GERENCIA OPERACIONES PLANTA EXTERNA",Gerencia,0
102,"NI SUBGERENCIA PX HFC",Subgerencia,101,true,"NI GERENCIA OPERACIONES PLANTA EXTERNA",Gerencia,0
225,"0",Equipo,224,true,"NI GERENCIA TECNICA",Subgerencia,0
323,"0",Equipo,322,true,"NI GERENCIA DE IMPLANTACION",Subgerencia,342
173,"0",Equipo,172,true,"NI GERENCIA DE IMPLANTACION",Subgerencia,0
43,"0",Equipo,42,true,"NI GERENCIA DE IMPLANTACION",Subgerencia,0
176,"0",Equipo,175,true,"NI GERENCIA OPERACIONES PLANTA INTERNA",Subgerencia,0
162,"0",Equipo,161,true,"NI GERENCIA DE IMPLANTACION",Subgerencia,0
187,"0",Equipo,186,true,"NI GERENCIA OPERACIONES PLANTA INTERNA",Subgerencia,0
159,"0",Equipo,158,true,"NI GERENCIA COMERCIAL MOVIL Y SERVICIOS FIJOS",Subgerencia,0
276,"0",Equipo,275,true,"NI GERENCIA DE IMPLANTACION",Subgerencia,0
83,"0",Equipo,57,true,"NI GERENCIA OPERACIONES PLANTA INTERNA",Gerencia,0
244,"0",Equipo,243,true,"NI GERENCIA OPERACIONES PLANTA EXTERNA",Subgerencia,0
273,"0",Equipo,272,true,"NI GERENCIA TECNICA",Subgerencia,0
247,"0",Equipo,246,true,"NI GERENCIA COMERCIAL CADENAS Y MULTIMARCAS",Subgerencia,0
270,"0",Equipo,269,true,"NI GERENCIA TECNICA",Gerencia,0
268,"0",Equipo,267,true,"NI GERENCIA TECNICA",Subgerencia,0
250,"0",Equipo,249,true,"NI GERENCIA OPERACIONES PLANTA EXTERNA",Subgerencia,0
265,"0",Equipo,264,true,"NI GERENCIA OPERACIONES PLANTA INTERNA",Subgerencia,0
253,"0",Equipo,252,true,"NI GERENCIA DE IMPLANTACION",Subgerencia,0
100,"0",Equipo,99,true,"NI GERENCIA OPERACIONES PLANTA EXTERNA",Subgerencia,0
97,"0",Equipo,96,true,"NI GERENCIA DE IMPLANTACION",Subgerencia,0
256,"0",Equipo,255,true,"NI GERENCIA TECNICA",Subgerencia,0
262,"0",Equipo,261,true,"NI GERENCIA TECNICA",Subgerencia,0
190,"0",Equipo,189,true,"NI GERENCIA OPERACIONES PLANTA EXTERNA",Subgerencia,0
193,"0",Equipo,192,true,"NI GERENCIA OPERACIONES PLANTA INTERNA",Subgerencia,0
152,"0",Equipo,151,true,"NI GERENCIA OPERACIONES PLANTA EXTERNA",Subgerencia,0
196,"0",Equipo,195,true,"NI GERENCIA TECNICA",Subgerencia,0
149,"0",Equipo,148,true,"NI GERENCIA DE IMPLANTACION",Subgerencia,0
146,"0",Equipo,145,true,"NI COORD. COMERCIAL SF MGA. ESTE-1",Gerencia,0
199,"0",Equipo,198,true,"NI GERENCIA COMERCIAL CADENAS Y MULTIMARCAS",Subgerencia,0
46,"0",Equipo,45,true,"NI GERENCIA TECNICA",Subgerencia,0
320,"0",Equipo,319,true,"NI GERENCIA DE IMPLANTACION",Subgerencia,0
202,"0",Equipo,201,true,"NI GERENCIA COMERCIAL MOVIL Y SERVICIOS FIJOS",Subgerencia,0
49,"0",Equipo,48,true,"NI GERENCIA TECNICA",Subgerencia,0
205,"0",Equipo,204,true,"NI GERENCIA TECNICA",Subgerencia,0
52,"0",Equipo,51,true,"NI GERENCIA OPERACIONES PLANTA INTERNA",Subgerencia,0
317,"0",Equipo,316,true,"NI GERENCIA TECNICA",Subgerencia,0
208,"0",Equipo,207,true,"NI GERENCIA TECNICA",Subgerencia,0
55,"0",Equipo,54,true,"NI GERENCIA COMERCIAL CADENAS Y MULTIMARCAS",Subgerencia,0
211,"0",Equipo,210,true,"NI GERENCIA OPERACIONES PLANTA EXTERNA",Subgerencia,0
314,"0",Equipo,313,true,"NI GERENCIA OPERACIONES PLANTA INTERNA",Subgerencia,0
311,"0",Equipo,310,true,"NI GERENCIA DE IMPLANTACION",Subgerencia,0
214,"0",Equipo,213,true,"NI GERENCIA OPERACIONES PLANTA INTERNA",Subgerencia,0
128,"0",Equipo,127,true,"NI GERENCIA DE IMPLANTACION",Subgerencia,0
125,"0",Equipo,101,true,"NI GERENCIA OPERACIONES PLANTA EXTERNA",Gerencia,0
217,"0",Equipo,216,true,"NI GERENCIA TECNICA",Subgerencia,0
219,"0",Equipo,218,true,"NI GERENCIA DE IMPLANTACION",Gerencia,0
308,"0",Equipo,305,true,"NI GERENCIA COMERCIAL CADENAS Y MULTIMARCAS",Gerencia,0
222,"0",Equipo,221,true,"NI GERENCIA OPERACIONES PLANTA INTERNA",Subgerencia,0
304,"0",Equipo,303,true,"NI GERENCIA OPERACIONES PLANTA EXTERNA",Subgerencia,0
259,"0",Equipo,258,true,"NI GERENCIA COMERCIAL MOVIL Y SERVICIOS FIJOS",Subgerencia,0
301,"0",Equipo,300,true,"NI GERENCIA OPERACIONES PLANTA INTERNA",Subgerencia,0
298,"0",Equipo,297,true,"NI GERENCIA TECNICA",Subgerencia,0
228,"0",Equipo,227,true,"NI GERENCIA OPERACIONES PLANTA EXTERNA",Subgerencia,0
295,"0",Equipo,294,true,"NI GERENCIA OPERACIONES PLANTA INTERNA",Subgerencia,0
292,"0",Equipo,291,true,"NI GERENCIA COMERCIAL CADENAS Y MULTIMARCAS",Subgerencia,0
231,"0",Equipo,230,true,"NI GERENCIA OPERACIONES PLANTA EXTERNA",Subgerencia,0
288,"0",Equipo,287,true,"NI GERENCIA TECNICA",Subgerencia,0
234,"0",Equipo,233,true,"NI GERENCIA DE IMPLANTACION",Subgerencia,0
285,"0",Equipo,284,true,"NI GERENCIA OPERACIONES PLANTA INTERNA",Subgerencia,0
237,"0",Equipo,236,true,"NI GERENCIA COMERCIAL MOVIL Y SERVICIOS FIJOS",Subgerencia,0
282,"0",Equipo,281,true,"NI GERENCIA OPERACIONES PLANTA EXTERNA",Subgerencia,0
279,"0",Equipo,278,true,"NI GERENCIA TECNICA",Subgerencia,0
241,"0",Equipo,239,true,"NI GERENCIA OPERACIONES PLANTA INTERNA",Subgerencia,0
289,"1135",Equipo,287,true,"NI GERENCIA TECNICA",Subgerencia,1
155,"1485",Equipo,151,true,"NI GERENCIA OPERACIONES PLANTA EXTERNA",Subgerencia,1
156,"2920",Equipo,151,true,"NI GERENCIA OPERACIONES PLANTA EXTERNA",Subgerencia,1
153,"3444",Equipo,151,true,"NI GERENCIA OPERACIONES PLANTA EXTERNA",Subgerencia,1
154,"4264",Equipo,151,true,"NI GERENCIA OPERACIONES PLANTA EXTERNA",Subgerencia,1
240,"631",Equipo,239,true,"NI GERENCIA OPERACIONES PLANTA INTERNA",Subgerencia,1
397,"NI  SUBG. COMERCIAL SF-NORTE",Equipo,129,true,"NI GERENCIA COMERCIAL MOVIL Y SERVICIOS FIJOS",Gerencia,1
179,"NI ALMACEN CARRETERA MASAYA",Equipo,178,true,"NI SUBGERENCIA DE ALMACENES",Subgerencia,7
184,"NI ALMACEN ESTELI",Equipo,178,true,"NI SUBGERENCIA DE ALMACENES",Subgerencia,1
181,"NI ALMACEN JUIGALPA",Equipo,178,true,"NI SUBGERENCIA DE ALMACENES",Subgerencia,1
180,"NI ALMACEN LEON",Equipo,178,true,"NI SUBGERENCIA DE ALMACENES",Subgerencia,2
182,"NI ALMACEN MASAYA MOVIL",Equipo,178,true,"NI SUBGERENCIA DE ALMACENES",Subgerencia,1
183,"NI ALMACEN PATIO CABLE",Equipo,178,true,"NI SUBGERENCIA DE ALMACENES",Subgerencia,3
124,"NI AREA BILWI",Equipo,113,true,"NI SUBGERENCIA PX COBRE FIBRA",Subgerencia,1
116,"NI AREA NORESTE (SMRE)",Equipo,113,true,"NI SUBGERENCIA PX COBRE FIBRA",Subgerencia,18
338,"NI CAC ACHUAPA",Equipo,56,true,"NI GERENCIA CENTRO DE ATENCION AL CLIENTE",Gerencia,0
340,"NI CAC ACOYAPA",Equipo,56,true,"NI GERENCIA CENTRO DE ATENCION AL CLIENTE",Gerencia,0
380,"NI CAC ALTAGRACIA",Equipo,56,true,"NI GERENCIA CENTRO DE ATENCION AL CLIENTE",Gerencia,0
373,"NI CAC ALTAMIRA",Equipo,56,true,"NI GERENCIA CENTRO DE ATENCION AL CLIENTE",Gerencia,3
398,"NI CAC BELEN",Equipo,56,true,"NI GERENCIA CENTRO DE ATENCION AL CLIENTE",Gerencia,2
333,"NI CAC BELLO HORIZONTE",Equipo,56,true,"NI GERENCIA CENTRO DE ATENCION AL CLIENTE",Gerencia,5
370,"NI CAC BLUEFIELDS",Equipo,56,true,"NI GERENCIA CENTRO DE ATENCION AL CLIENTE",Gerencia,2
339,"NI CAC BOACO",Equipo,56,true,"NI GERENCIA CENTRO DE ATENCION AL CLIENTE",Gerencia,2
366,"NI CAC BONANZA",Equipo,56,true,"NI GERENCIA CENTRO DE ATENCION AL CLIENTE",Gerencia,2
344,"NI CAC CAMOAPA",Equipo,56,true,"NI GERENCIA CENTRO DE ATENCION AL CLIENTE",Gerencia,0
358,"NI CAC CARRETERA NORTE",Equipo,56,true,"NI GERENCIA CENTRO DE ATENCION AL CLIENTE",Gerencia,1
392,"NI CAC CATARINA",Equipo,56,true,"NI GERENCIA CENTRO DE ATENCION AL CLIENTE",Gerencia,1
356,"NI CAC CHICHIGALPA",Equipo,56,true,"NI GERENCIA CENTRO DE ATENCION AL CLIENTE",Gerencia,0
354,"NI CAC CHINANDEGA",Equipo,56,true,"NI GERENCIA CENTRO DE ATENCION AL CLIENTE",Gerencia,3
345,"NI CAC CHINANDEGA 2",Equipo,56,true,"NI GERENCIA CENTRO DE ATENCION AL CLIENTE",Gerencia,1
379,"NI CAC CIUDAD DARIO",Equipo,56,true,"NI GERENCIA CENTRO DE ATENCION AL CLIENTE",Gerencia,1
343,"NI CAC CIUDAD JARDIN",Equipo,56,true,"NI GERENCIA CENTRO DE ATENCION AL CLIENTE",Gerencia,7
347,"NI CAC CIUDAD SANDINO 2",Equipo,56,true,"NI GERENCIA CENTRO DE ATENCION AL CLIENTE",Gerencia,4
396,"NI CAC CONDEGA",Equipo,56,true,"NI GERENCIA CENTRO DE ATENCION AL CLIENTE",Gerencia,2
378,"NI CAC CORINTO",Equipo,56,true,"NI GERENCIA CENTRO DE ATENCION AL CLIENTE",Gerencia,1
368,"NI CAC CORN ISLANDS",Equipo,56,true,"NI GERENCIA CENTRO DE ATENCION AL CLIENTE",Gerencia,0
328,"NI CAC DIRIAMBA",Equipo,56,true,"NI GERENCIA CENTRO DE ATENCION AL CLIENTE",Gerencia,1
327,"NI CAC DIRIOMO",Equipo,56,true,"NI GERENCIA CENTRO DE ATENCION AL CLIENTE",Gerencia,0
374,"NI CAC EL BLUFF",Equipo,56,true,"NI GERENCIA CENTRO DE ATENCION AL CLIENTE",Gerencia,0
361,"NI CAC EL JICARO",Equipo,56,true,"NI GERENCIA CENTRO DE ATENCION AL CLIENTE",Gerencia,0
351,"NI CAC EL RAMA",Equipo,56,true,"NI GERENCIA CENTRO DE ATENCION AL CLIENTE",Gerencia,0
341,"NI CAC EL VIEJO",Equipo,56,true,"NI GERENCIA CENTRO DE ATENCION AL CLIENTE",Gerencia,0
325,"NI CAC ESTELI",Equipo,56,true,"NI GERENCIA CENTRO DE ATENCION AL CLIENTE",Gerencia,2
330,"NI CAC GALERIA SANTO DOMINGO",Equipo,56,true,"NI GERENCIA CENTRO DE ATENCION AL CLIENTE",Gerencia,2
372,"NI CAC JINOTEGA",Equipo,56,true,"NI GERENCIA CENTRO DE ATENCION AL CLIENTE",Gerencia,3
331,"NI CAC JUIGALPA",Equipo,56,true,"NI GERENCIA CENTRO DE ATENCION AL CLIENTE",Gerencia,2
384,"NI CAC LA CONQUISTA",Equipo,56,true,"NI GERENCIA CENTRO DE ATENCION AL CLIENTE",Gerencia,1
375,"NI CAC LA PAZ CENTRO",Equipo,56,true,"NI GERENCIA CENTRO DE ATENCION AL CLIENTE",Gerencia,1
377,"NI CAC LA TRINIDAD",Equipo,56,true,"NI GERENCIA CENTRO DE ATENCION AL CLIENTE",Gerencia,0
336,"NI CAC LEON",Equipo,56,true,"NI GERENCIA CENTRO DE ATENCION AL CLIENTE",Gerencia,5
387,"NI CAC MALPAISILLO",Equipo,56,true,"NI GERENCIA CENTRO DE ATENCION AL CLIENTE",Gerencia,1
364,"NI CAC MATAGALPA",Equipo,56,true,"NI GERENCIA CENTRO DE ATENCION AL CLIENTE",Gerencia,2
385,"NI CAC MATAGALPA 2",Equipo,56,true,"NI GERENCIA CENTRO DE ATENCION AL CLIENTE",Gerencia,1
395,"NI CAC MATIGUAS",Equipo,56,true,"NI GERENCIA CENTRO DE ATENCION AL CLIENTE",Gerencia,1
326,"NI CAC METROCENTRO",Equipo,56,true,"NI GERENCIA CENTRO DE ATENCION AL CLIENTE",Gerencia,3
335,"NI CAC MONSEÑOR LEZCANO",Equipo,56,true,"NI GERENCIA CENTRO DE ATENCION AL CLIENTE",Gerencia,5
389,"NI CAC MOYOGALPA",Equipo,56,true,"NI GERENCIA CENTRO DE ATENCION AL CLIENTE",Gerencia,1
349,"NI CAC MUELLE DE LOS BUEYES",Equipo,56,true,"NI GERENCIA CENTRO DE ATENCION AL CLIENTE",Gerencia,1
342,"NI CAC NAGAROTE",Equipo,56,true,"NI GERENCIA CENTRO DE ATENCION AL CLIENTE",Gerencia,0
390,"NI CAC NANDAIME",Equipo,56,true,"NI GERENCIA CENTRO DE ATENCION AL CLIENTE",Gerencia,1
350,"NI CAC NUEVA GUINEA",Equipo,56,true,"NI GERENCIA CENTRO DE ATENCION AL CLIENTE",Gerencia,0
337,"NI CAC NUEVA SEGOVIA",Equipo,56,true,"NI GERENCIA CENTRO DE ATENCION AL CLIENTE",Gerencia,4
371,"NI CAC PALACAGUINA",Equipo,56,true,"NI GERENCIA CENTRO DE ATENCION AL CLIENTE",Gerencia,0
388,"NI CAC PUEBLO NUEVO",Equipo,56,true,"NI GERENCIA CENTRO DE ATENCION AL CLIENTE",Gerencia,0
394,"NI CAC PUERTO SANDINO",Equipo,56,true,"NI GERENCIA CENTRO DE ATENCION AL CLIENTE",Gerencia,1
363,"NI CAC RIO BLANCO",Equipo,56,true,"NI GERENCIA CENTRO DE ATENCION AL CLIENTE",Gerencia,0
360,"NI CAC TEUSTEPE",Equipo,56,true,"NI GERENCIA CENTRO DE ATENCION AL CLIENTE",Gerencia,0
381,"NI CAC YALI",Equipo,56,true,"NI GERENCIA CENTRO DE ATENCION AL CLIENTE",Gerencia,0
400,"NI CAC ZONA CENTRO - ESPECIALES",Equipo,56,true,"NI GERENCIA CENTRO DE ATENCION AL CLIENTE",Gerencia,1
391,"NI CAC ZONA CENTRO - NORTE",Equipo,56,true,"NI GERENCIA CENTRO DE ATENCION AL CLIENTE",Gerencia,0
324,"NI CAC ZONA NOROCCIDENTE",Equipo,56,true,"NI GERENCIA CENTRO DE ATENCION AL CLIENTE",Gerencia,0
137,"NI COORD. COMERCIAL MOVIL Z-OCCIDENTE-1",Equipo,136,true,"NI SUBG.COMERCIAL MOVIL Z-OCCIDENTE",Subgerencia,2
138,"NI COORD. COMERCIAL MOVIL Z-OCCIDENTE-2",Equipo,136,true,"NI SUBG.COMERCIAL MOVIL Z-OCCIDENTE",Subgerencia,5
140,"NI COORD. COMERCIAL SF ZONA - OCCIDENTE",Equipo,139,true,"NI SUBG. COMERCIAL SF ZONA OCCIDENTE",Subgerencia,2
135,"NI COORD. COMERCIAL SF ZONA RAAS",Equipo,133,true,"NI SUBG. COMERCIAL SF ZONA RAAS",Subgerencia,2
144,"NI COORD. COMERCIAL SF-CENTRO Y RAAN-1",Equipo,143,true,"NI SUBG. COMERCIAL ZONA SF-CENTRO Y RAAN",Subgerencia,2
134,"NI COORD. COMERCIAL SF-CENTRO Y RAAN-2",Equipo,133,true,"NI SUBG. COMERCIAL SF ZONA RAAS",Subgerencia,4
357,"NI COORD. COMERCIAL SF-NORTE-1",Equipo,129,true,"NI GERENCIA COMERCIAL MOVIL Y SERVICIOS FIJOS",Gerencia,0
367,"NI COORD. COMERCIAL SF-NORTE-2",Equipo,129,true,"NI GERENCIA COMERCIAL MOVIL Y SERVICIOS FIJOS",Gerencia,0
131,"NI COORD. COMERCIAL ZONAL - CR1",Equipo,130,true,"NI SUBG.COMERCIAL MOVIL ZONA CENTRO-RAAS",Subgerencia,2
132,"NI COORD. COMERCIAL ZONAL - CR3",Equipo,130,true,"NI SUBG.COMERCIAL MOVIL ZONA CENTRO-RAAS",Subgerencia,4
142,"NI COORD. COMERCIAL ZONAL - SO2",Equipo,141,true,"NI SUBG.COMERCIAL MOVIL ZONA SUR ORIENTE",Subgerencia,3
393,"NI COORD. COMERCIAL ZONAL NORTE-1",Equipo,129,true,"NI GERENCIA COMERCIAL MOVIL Y SERVICIOS FIJOS",Gerencia,1
346,"NI COORD. COMERCIAL ZONAL NORTE-2",Equipo,129,true,"NI GERENCIA COMERCIAL MOVIL Y SERVICIOS FIJOS",Gerencia,2
353,"NI COORD. COMERCIAL ZONAL NORTE-3",Equipo,129,true,"NI GERENCIA COMERCIAL MOVIL Y SERVICIOS FIJOS",Gerencia,1
170,"NI COORD. DE HIGIENE Y SEGURIDAD",Equipo,169,true,"NI SUBGCIA DE RELACIONES LABORALES Y SEGURIDAD INDUSTRIAL",Subgerencia,3
62,"NI COORD. DE NOC CENTRO DE MANDO OPERACIONES",Equipo,58,true,"NI SUBGERENCIA CCR",Subgerencia,14
168,"NI COORD. DE RECLUTAMIENTO Y SELECCION",Equipo,167,true,"NI SUBGERENCIA DE COMPENSACIONES",Subgerencia,4
165,"NI COORD. DE RECURSOS HUMANOS",Equipo,164,true,"NI SUBGERENCIA DE RECURSOS HUMANOS",Subgerencia,3
166,"NI COORD. DE SOPORTE A LA OPERACION",Equipo,164,true,"NI SUBGERENCIA DE RECURSOS HUMANOS",Subgerencia,1
307,"NI COORD. MULTIMARCAS ZONAS ESPECIALES",Equipo,306,true,"NI SUBGERENCIA CADENAS Y MULTIMARCAS",Subgerencia,3
67,"NI INTERNET/DATOS BOACO",Equipo,63,true,"NI SUBGERENCIA PLANTA INTERNA RED FIJA",Subgerencia,2
65,"NI INTERNET/DATOS CHINANDEGA",Equipo,63,true,"NI SUBGERENCIA PLANTA INTERNA RED FIJA",Subgerencia,1
68,"NI INTERNET/DATOS JUIGALPA",Equipo,63,true,"NI SUBGERENCIA PLANTA INTERNA RED FIJA",Subgerencia,1
66,"NI INTERNET/DATOS LEON",Equipo,63,true,"NI SUBGERENCIA PLANTA INTERNA RED FIJA",Subgerencia,1
80,"NI INTERNET/DATOS RAAN",Equipo,63,true,"NI SUBGERENCIA PLANTA INTERNA RED FIJA",Subgerencia,1
79,"NI INTERNET/DATOS RAAS",Equipo,63,true,"NI SUBGERENCIA PLANTA INTERNA RED FIJA",Subgerencia,1
120,"NI PLANTA EXTERNA ATLANTICO SUR",Equipo,113,true,"NI SUBGERENCIA PX COBRE FIBRA",Subgerencia,3
121,"NI PLANTA EXTERNA CARAZO",Equipo,113,true,"NI SUBGERENCIA PX COBRE FIBRA",Subgerencia,3
119,"NI PLANTA EXTERNA CHINANDEGA",Equipo,113,true,"NI SUBGERENCIA PX COBRE FIBRA",Subgerencia,2
117,"NI PLANTA EXTERNA ESTELI-2",Equipo,113,true,"NI SUBGERENCIA PX COBRE FIBRA",Subgerencia,7
123,"NI PLANTA EXTERNA JINOTEGA",Equipo,113,true,"NI SUBGERENCIA PX COBRE FIBRA",Subgerencia,1
118,"NI PLANTA EXTERNA JUIGALPA",Equipo,113,true,"NI SUBGERENCIA PX COBRE FIBRA",Subgerencia,5
114,"NI PLANTA EXTERNA LEON",Equipo,113,true,"NI SUBGERENCIA PX COBRE FIBRA",Subgerencia,8
115,"NI PLANTA EXTERNA MATAGALPA",Equipo,113,true,"NI SUBGERENCIA PX COBRE FIBRA",Subgerencia,2
122,"NI PLANTA EXTERNA NUEVA SEGOVIA-2",Equipo,113,true,"NI SUBGERENCIA PX COBRE FIBRA",Subgerencia,1
70,"NI PLANTA INTERNA ATLANTICO SUR",Equipo,63,true,"NI SUBGERENCIA PLANTA INTERNA RED FIJA",Subgerencia,3
78,"NI PLANTA INTERNA CHINANDEGA",Equipo,63,true,"NI SUBGERENCIA PLANTA INTERNA RED FIJA",Subgerencia,2
72,"NI PLANTA INTERNA ESTELI-2",Equipo,63,true,"NI SUBGERENCIA PLANTA INTERNA RED FIJA",Subgerencia,5
69,"NI PLANTA INTERNA JINOTEGA",Equipo,63,true,"NI SUBGERENCIA PLANTA INTERNA RED FIJA",Subgerencia,1
76,"NI PLANTA INTERNA JUIGALPA",Equipo,63,true,"NI SUBGERENCIA PLANTA INTERNA RED FIJA",Subgerencia,4
64,"NI PLANTA INTERNA LEON",Equipo,63,true,"NI SUBGERENCIA PLANTA INTERNA RED FIJA",Subgerencia,4
73,"NI PLANTA INTERNA MATAGALPA",Equipo,63,true,"NI SUBGERENCIA PLANTA INTERNA RED FIJA",Subgerencia,4
386,"NI R-ACCESO",Equipo,51,true,"NI GERENCIA OPERACIONES PLANTA INTERNA",Subgerencia,2
60,"NI R-BACK OFFICE ADICION INFORMERCIALES",Equipo,58,true,"NI SUBGERENCIA CCR",Subgerencia,2
61,"NI R-BACK OFFICE VIDEO",Equipo,58,true,"NI SUBGERENCIA CCR",Subgerencia,4
332,"NI R-CNOC.",Equipo,51,true,"NI GERENCIA OPERACIONES PLANTA INTERNA",Subgerencia,0
329,"NI R-CONFIGURACIONES",Equipo,51,true,"NI GERENCIA OPERACIONES PLANTA INTERNA",Subgerencia,0
359,"NI R-CONMUTACION",Equipo,51,true,"NI GERENCIA OPERACIONES PLANTA INTERNA",Subgerencia,3
369,"NI R-CORE",Equipo,51,true,"NI GERENCIA OPERACIONES PLANTA INTERNA",Subgerencia,0
365,"NI R-CORE - ACCESOS",Equipo,51,true,"NI GERENCIA OPERACIONES PLANTA INTERNA",Subgerencia,0
334,"NI R-CORE ROAMING",Equipo,51,true,"NI GERENCIA OPERACIONES PLANTA INTERNA",Subgerencia,1
348,"NI R-FALLAS SAC",Equipo,51,true,"NI GERENCIA OPERACIONES PLANTA INTERNA",Subgerencia,2
399,"NI R-NOC AREA CORE - ACCESOS",Equipo,51,true,"NI GERENCIA OPERACIONES PLANTA INTERNA",Subgerencia,1
362,"NI R-NOC DATOS",Equipo,51,true,"NI GERENCIA OPERACIONES PLANTA INTERNA",Subgerencia,1
355,"NI R-NOC TRANSMISION",Equipo,51,true,"NI GERENCIA OPERACIONES PLANTA INTERNA",Subgerencia,0
376,"NI R-SVA",Equipo,51,true,"NI GERENCIA OPERACIONES PLANTA INTERNA",Subgerencia,5
59,"NI R-VOC MONITOREO",Equipo,58,true,"NI SUBGERENCIA CCR",Subgerencia,4
91,"NI RBS ACOYAPA",Equipo,84,true,"NI SUBGERENCIA PLANTA INTERNA SITIOS MOVIL",Subgerencia,1
87,"NI RBS BOACO",Equipo,84,true,"NI SUBGERENCIA PLANTA INTERNA SITIOS MOVIL",Subgerencia,1
90,"NI RBS BONANZA",Equipo,84,true,"NI SUBGERENCIA PLANTA INTERNA SITIOS MOVIL",Subgerencia,1
85,"NI RBS CHINANDEGA",Equipo,84,true,"NI SUBGERENCIA PLANTA INTERNA SITIOS MOVIL",Subgerencia,1
94,"NI RBS ESTELI",Equipo,84,true,"NI SUBGERENCIA PLANTA INTERNA SITIOS MOVIL",Subgerencia,1
93,"NI RBS JINOTEGA",Equipo,84,true,"NI SUBGERENCIA PLANTA INTERNA SITIOS MOVIL",Subgerencia,1
89,"NI RBS JUIGALPA",Equipo,84,true,"NI SUBGERENCIA PLANTA INTERNA SITIOS MOVIL",Subgerencia,1
92,"NI RBS LEON",Equipo,84,true,"NI SUBGERENCIA PLANTA INTERNA SITIOS MOVIL",Subgerencia,1
86,"NI RBS MATAGALPA",Equipo,84,true,"NI SUBGERENCIA PLANTA INTERNA SITIOS MOVIL",Subgerencia,1
88,"NI RBS RAAS",Equipo,84,true,"NI SUBGERENCIA PLANTA INTERNA SITIOS MOVIL",Subgerencia,1
71,"NI SUPERV.  CONMUTACION",Equipo,63,true,"NI SUBGERENCIA PLANTA INTERNA RED FIJA",Subgerencia,9
352,"NI SUPERV. MANTO. BIENES Y OBRAS CIVIL_ZONA CENTRO Y ESPEC.",Equipo,42,true,"NI GERENCIA DE IMPLANTACION",Subgerencia,0
382,"NI SUPERV. MANTO. BIENES Y OBRAS CIVIL_ZONA NOROCCIDENTE",Equipo,42,true,"NI GERENCIA DE IMPLANTACION",Subgerencia,0
383,"NI SUPERV. MANTO. BIENES Y OBRAS CIVIL_ZONA NORTE",Equipo,42,true,"NI GERENCIA DE IMPLANTACION",Subgerencia,0
74,"NI SUPERV. ZONA CENTRAL / RSJ PI",Equipo,63,true,"NI SUBGERENCIA PLANTA INTERNA RED FIJA",Subgerencia,1
77,"NI SUPERV. ZONA NORTE PI",Equipo,63,true,"NI SUBGERENCIA PLANTA INTERNA RED FIJA",Subgerencia,1
82,"NI SUPERV. ZONA NORTE PI-2",Equipo,63,true,"NI SUBGERENCIA PLANTA INTERNA RED FIJA",Subgerencia,1
75,"NI SUPERV. ZONA OCCIDENTE PI",Equipo,63,true,"NI SUBGERENCIA PLANTA INTERNA RED FIJA",Subgerencia,1
81,"NI SUPERV. ZONA RAAS RAAN PI",Equipo,63,true,"NI SUBGERENCIA PLANTA INTERNA RED FIJA",Subgerencia,1
112,"NI SUPERVISION NORTE",Equipo,102,true,"NI SUBGERENCIA PX HFC",Subgerencia,1
107,"NI SUPERVISION OCCIDENTE",Equipo,102,true,"NI SUBGERENCIA PX HFC",Subgerencia,1
108,"NI TECNICA HFC  MATAGALPA",Equipo,102,true,"NI SUBGERENCIA PX HFC",Subgerencia,5
104,"NI TECNICA HFC CARAZO",Equipo,102,true,"NI SUBGERENCIA PX HFC",Subgerencia,6
106,"NI TECNICA HFC CHINANDEGA",Equipo,102,true,"NI SUBGERENCIA PX HFC",Subgerencia,7
111,"NI TECNICA HFC ESTELI",Equipo,102,true,"NI SUBGERENCIA PX HFC",Subgerencia,5
103,"NI TECNICA HFC JINOTEGA",Equipo,102,true,"NI SUBGERENCIA PX HFC",Subgerencia,3
105,"NI TECNICA HFC JUIGALPA",Equipo,102,true,"NI SUBGERENCIA PX HFC",Subgerencia,4
110,"NI TECNICA HFC LEON",Equipo,102,true,"NI SUBGERENCIA PX HFC",Subgerencia,2
109,"NI TECNICA HFC NUEVA SEGOVIA",Equipo,102,true,"NI SUBGERENCIA PX HFC",Subgerencia,2
